index,name,pearson_r,abs_pearson,spearman_r,f_stat,p_value,mutual_info,univariate_rank
12,is_standard_approach,0.22628735047722173,0.22628735047722173,0.21174082191079033,4.404342254370356,0.001963689564969988,0.06625349956335214,1.0
17,is_extended_forward,0.22133373557116193,0.22133373557116193,0.3023065391349643,21.57523758131587,8.432206175239397e-15,0.13435283009946541,2.0
235,bar5s_approach_alignment_eob,-0.19612142682890546,0.19612142682890546,-0.18606332215831967,5.307794318271619,0.0004409879853230558,0.006465527691892348,3.0
413,bar5s_setup_flow_toward_early_late_ratio,0.18335482608527204,0.18335482608527204,0.049593260347030474,4.685659301581318,0.0012336008891087875,0.027384967717250852,4.0
207,bar5s_flow_net_volnorm_bid_p0_1_sum,0.18026293882278574,0.18026293882278574,0.18607256317046195,2.872902008698487,0.024119807024431464,0.0035377505787113073,5.0
259,bar5s_deriv_obi10_d2_w72,0.17407616157241335,0.17407616157241335,0.19927203849744812,1.3498955421619678,0.25283920894227563,0.014367314758275906,6.0
69,bar5s_ladder_bid_gap_max_pts_eob,0.17070647560310329,0.17070647560310329,0.1477734735461471,3.4496926317599566,0.009445545894753793,0.0,7.0
427,rvol_flow_net_ask_ratio,-0.1692778525160262,0.1692778525160262,-0.17750137883575015,1.9151574963296083,0.10933351006283155,0.04368253379108866,8.0
361,bar5s_lvl_total_size_at_level_eob,-0.16913797724388935,0.16913797724388935,-0.17281269427345627,1.3428983174586226,0.2553707667860071,0.04732913387249438,9.0
359,bar5s_lvl_bid_size_at_level_eob,-0.16884110258502552,0.16884110258502552,-0.0340933992709719,1.8445251363109862,0.1217717603926344,0.0,10.0
441,rvol_lookback_trade_vol_max_ratio,0.1658790102918734,0.1658790102918734,0.047798815752328784,2.0451360579416233,0.08951523323279816,0.0410617169143328,11.0
204,bar5s_flow_cnt_modify_ask_p0_1_sum,-0.1654852037311779,0.1654852037311779,0.004652748371875194,2.739423241436744,0.029899384175969088,0.09776402292148711,12.0
241,bar5s_deriv_dist_d2_w12,0.16214818426452846,0.16214818426452846,0.025198802607242204,1.7450969603269686,0.14153984152152524,0.05314050595078834,13.0
321,bar5s_deriv_waskz_d2_w12,-0.15960746578086712,0.15960746578086712,-0.15373698679959322,1.0047203073000937,0.40617519474755165,0.03114693523064771,14.0
252,bar5s_deriv_obi10_d1_w3,0.15797241406611431,0.15797241406611431,0.09944098897860983,0.8442726691779314,0.4986188855307804,0.0,15.0
183,bar5s_flow_net_vol_bid_p0_1_sum,0.1554403838525155,0.1554403838525155,0.19046202338005902,3.3794527848681732,0.010594713870108512,0.0,16.0
362,bar5s_lvl_level_is_visible,-0.1538306098352811,0.1538306098352811,-0.15629216535013526,0.5828108825351301,0.6754396595906363,0.0,17.0
14,signed_dist_pts,0.15208380525698934,0.15208380525698934,0.18861088740763798,3.7576537577637836,0.005700879024001534,0.0,18.0
374,bar5s_lvl_size_at_level_d1_w12,-0.14704552005298915,0.14704552005298915,-0.12173165968701188,1.3834798558248989,0.2409920465496888,0.0,19.0
203,bar5s_flow_cnt_modify_bid_p2_3_sum,-0.14504011893397337,0.14504011893397337,-0.10165840235164061,2.065787649706664,0.08669904970225917,0.008430532471466634,20.0
159,bar5s_shape_bid_ct_frac_l08_eob,-0.14154900663849404,0.14154900663849404,-0.15845118847098988,2.683882082293751,0.03268500324024415,0.0,21.0
153,bar5s_shape_bid_ct_frac_l02_eob,-0.14067023424686675,0.14067023424686675,-0.14951597203555855,3.0525628241741654,0.018037796021930605,0.0,22.0
364,bar5s_lvl_level_book_index_ask,-0.14000096642622997,0.14000096642622997,-0.1687957371380292,1.9431380927113346,0.10474530772722207,0.022277302823820122,23.0
409,bar5s_setup_size_at_level_max,-0.1394145396806832,0.1394145396806832,-0.12617542637852508,0.845191929564272,0.4980508564723193,0.0,24.0
186,bar5s_flow_net_vol_ask_p0_1_sum,-0.13811040136864453,0.13811040136864453,-0.10451930783665049,1.9321218613932147,0.10652960524503764,0.0,25.0
188,bar5s_flow_net_vol_ask_p2_3_sum,-0.13570686367097004,0.13570686367097004,-0.1518935406237565,1.4090165280928753,0.2323135884193772,0.0,26.0
260,bar5s_deriv_cdi01_d1_w3,0.13437915878668982,0.13437915878668982,0.1232929722585734,0.9872287582226783,0.41558792540101674,0.03930369946703838,27.0
139,bar5s_shape_bid_sz_frac_l08_eob,-0.1343257194884763,0.1343257194884763,-0.14944456130646805,1.3716144145221716,0.24512077247143274,0.0,28.0
158,bar5s_shape_bid_ct_frac_l07_eob,0.1335940308475612,0.1335940308475612,0.15482251284565748,1.2975813281654778,0.2723067241737998,0.0,29.0
25,bar5s_meta_modify_cnt_sum,-0.13313516387641178,0.13313516387641178,-0.019153344101133507,1.5211006473586755,0.19742184743121277,0.0,30.0
264,bar5s_deriv_cdi01_d2_w3,0.1328975608001901,0.1328975608001901,0.11444544175565974,0.4264315801855121,0.78945202357944,0.0,31.0
283,bar5s_deriv_dbid10_d2_w72,0.13198272930617005,0.13198272930617005,0.10847981492892199,1.492312902742758,0.20590312854286902,0.0,32.0
255,bar5s_deriv_obi10_d1_w72,0.13060779397450328,0.13060779397450328,0.14750196125047674,1.439950089716149,0.22217255709558414,0.0,33.0
437,rvol_bid_ask_rem_asymmetry,-0.12919674729906958,0.12919674729906958,-0.08787068358416414,3.485540463930473,0.008907487032228172,0.05481374850880716,34.0
447,rvol_recent_vs_lookback_asymmetry,-0.12752619308417007,0.12752619308417007,0.06197925096033992,0.5246521461438581,0.7177260120686966,0.0,35.0
237,bar5s_deriv_dist_d1_w12,0.12747610762259917,0.12747610762259917,0.06464466847059307,2.5696129976651934,0.0392349081516639,0.024584187771938826,36.0
397,bar5s_setup_total_trade_vol,0.1266492157197858,0.1266492157197858,0.142483517390585,1.7340798690900237,0.14390520040648205,0.023469004982659136,37.0
377,bar5s_setup_min_dist_pts,-0.12588535767874798,0.12588535767874798,-0.17806112032121615,3.7383610763990114,0.0058844672112772865,0.029363781656196686,38.0
187,bar5s_flow_net_vol_ask_p1_2_sum,-0.12575408844260888,0.12575408844260888,-0.18186437648436066,0.755704860452608,0.5552999469920893,0.006389475456970217,39.0
206,bar5s_flow_cnt_modify_ask_p2_3_sum,-0.12500519316964329,0.12500519316964329,-0.17286933711714345,2.466083092007642,0.04625951192347322,0.02400547416449017,40.0
275,bar5s_deriv_cdi12_d2_w72,0.12488303242356273,0.12488303242356273,0.11518895194356163,0.4062738872410319,0.8040029533671209,0.03534864961435291,41.0
196,bar5s_flow_cnt_cancel_bid_p1_2_sum,0.1246825210055328,0.1246825210055328,0.15503300696336947,3.5872805728145565,0.007540170547855222,0.057637005667513286,42.0
360,bar5s_lvl_ask_size_at_level_eob,-0.12426706293827067,0.12426706293827067,-0.16602416843775802,1.7042432048793992,0.15049639886350777,0.022561586820554425,43.0
317,bar5s_deriv_waskz_d1_w12,-0.12277518986088802,0.12277518986088802,-0.14477104550327816,1.0993170184854408,0.35810016024382846,0.02865334076927528,44.0
160,bar5s_shape_bid_ct_frac_l09_eob,-0.12160469754002379,0.12160469754002379,-0.15889102920719136,1.6954182757783849,0.15249879186295123,0.008947844687047013,45.0
193,bar5s_flow_cnt_add_ask_p1_2_sum,-0.1191051721462188,0.1191051721462188,-0.03511483493492244,1.0631556763147394,0.375916186751553,0.00636055558629911,46.0
190,bar5s_flow_cnt_add_bid_p1_2_sum,0.1180978259234547,0.1180978259234547,0.12398674060953323,2.556733576312961,0.04004878596467631,0.0,47.0
176,bar5s_flow_add_vol_ask_p2_3_sum,-0.11768782553581647,0.11768782553581647,-0.11902565657328099,0.9627962258684443,0.42901030753411584,0.0,48.0
399,bar5s_setup_trade_imbal_pct,0.1165982247636513,0.1165982247636513,0.09595249445138358,0.5870058833303825,0.6724128301962531,0.031259326137506704,49.0
375,bar5s_lvl_size_at_level_d2_w12,-0.11637713685189108,0.11637713685189108,-0.10970016772451471,2.3952263534129368,0.05175480110252208,0.04698354969354401,50.0
296,bar5s_deriv_dbelow01_d2_w3,0.11608216350000967,0.11608216350000967,0.09442147207857295,0.2899089666946376,0.8843042885802576,0.0,51.0
329,bar5s_cumul_flow_net_bid,-0.11559211947830866,0.11559211947830866,-0.045780394045648015,1.3924399664892058,0.23791497145996318,0.0,52.0
168,bar5s_shape_ask_ct_frac_l07_eob,0.11464547943045654,0.11464547943045654,0.11349119808197379,2.1576659551021744,0.07516208178305023,0.0,53.0
279,bar5s_deriv_dbid10_d1_w72,0.11365406633824943,0.11365406633824943,0.09645934857029058,1.1810995429790019,0.3203225665962406,0.03529606625108794,54.0
338,bar5s_cumul_flow_net_ask_p2_3,-0.1136257082026028,0.1136257082026028,-0.12582829905626433,1.6117152126479666,0.17274973139995184,0.0,55.0
330,bar5s_cumul_flow_net_ask,-0.11331474005388387,0.11331474005388387,-0.01759619084850253,1.5187303253201896,0.19810808419865672,0.07502081039944164,56.0
236,bar5s_deriv_dist_d1_w3,0.1127244091569282,0.1127244091569282,0.15261719438024837,1.7228842504129338,0.14634641507465154,0.0,57.0
245,bar5s_deriv_obi0_d1_w12,0.1119644458112162,0.1119644458112162,0.08621542461384687,1.9683552446332353,0.10076660220947942,0.038336338997320585,58.0
385,bar5s_setup_late_velocity,-0.11184591437694491,0.11184591437694491,0.005142376546743532,1.5134962290992453,0.19963105038039025,0.0017300949160783397,59.0
438,rvol_bid_ask_net_asymmetry,0.11161860483588222,0.11161860483588222,0.1189716406366541,1.3647019020526174,0.24755461089569444,0.0,60.0
138,bar5s_shape_bid_sz_frac_l07_eob,0.10977711640989118,0.10977711640989118,0.12636843430503458,0.8087223887004943,0.520911933122085,0.0,61.0
132,bar5s_shape_bid_sz_frac_l01_eob,0.10929126561544134,0.10929126561544134,0.1132701844649076,1.6934986067083553,0.15293761612443982,0.0,62.0
395,bar5s_setup_obi10_min,-0.10900019463542317,0.10900019463542317,-0.105902948413725,3.214983252971562,0.013853979446618056,0.024940540817569357,63.0
234,bar5s_approach_level_polarity,0.10849665081241587,0.10849665081241587,0.06308763386638476,1.8740745188276196,0.1164145515988608,0.0,64.0
256,bar5s_deriv_obi10_d2_w3,0.10779047016411661,0.10779047016411661,0.07331066993411396,1.1101372765282467,0.35290301594509327,0.09271519231651126,65.0
167,bar5s_shape_ask_ct_frac_l06_eob,-0.10690763908239283,0.10690763908239283,-0.11800103267884475,1.528437248717725,0.19531139959838337,0.0,66.0
310,bar5s_deriv_wbidz_d1_w36,0.10599740374693696,0.10599740374693696,0.09532620449033455,1.3591563078030182,0.24952246823417928,0.0,67.0
381,bar5s_setup_retreat_bars,0.10434251704406934,0.10434251704406934,0.20310897597103958,9.157734279872678,8.230219610687681e-07,0.15476524732285846,68.0
147,bar5s_shape_ask_sz_frac_l06_eob,-0.1040269237504221,0.1040269237504221,-0.11685779686268881,0.8459706352603289,0.4975700149660943,0.032106758691328174,69.0
406,bar5s_setup_size_at_level_start,-0.10378812511737734,0.10378812511737734,-0.0878982905931127,1.921586317280703,0.10826284959657442,0.0,70.0
268,bar5s_deriv_cdi12_d1_w3,0.1035357635561704,0.1035357635561704,0.02585754497524512,1.3180089136165076,0.2645555709838519,0.0,71.0
335,bar5s_cumul_flow_net_bid_p2_3,-0.10347261714972159,0.10347261714972159,-0.1532770983039885,1.2815047913319597,0.278544011916942,0.04167145608430989,72.0
173,bar5s_flow_add_vol_bid_p2_3_sum,-0.10301344303570471,0.10301344303570471,-0.06951630792353466,1.053278372516471,0.380902944844258,0.02113632705003532,73.0
442,rvol_lookback_trade_vol_trend,0.10150566911636201,0.10150566911636201,0.11988465697057703,1.5138124915314792,0.19953872844479809,0.04107083982442905,74.0
175,bar5s_flow_add_vol_ask_p1_2_sum,-0.10138511722254462,0.10138511722254462,-0.08519869443844172,0.44453571844536305,0.7763015417630164,0.14649961636950826,75.0
205,bar5s_flow_cnt_modify_ask_p1_2_sum,-0.1013833327538009,0.1013833327538009,-0.122101820856045,0.6028200861232405,0.6610392573516782,0.01693045970201057,76.0
328,bar5s_cumul_signed_trade_vol_rate,0.10016020042369915,0.10016020042369915,0.09550022385712427,0.17832146095132065,0.9493939714481612,0.0007980084858187908,77.0
325,bar5s_cumul_signed_trade_vol,0.10016020042369914,0.10016020042369914,0.09550022385712427,0.1783214609513205,0.9493939714481612,0.01598090086755688,78.0
210,bar5s_flow_net_volnorm_ask_p0_1_sum,-0.09962876761215173,0.09962876761215173,-0.09294084387505709,0.5985030905483528,0.664138001938314,0.047014307339000805,79.0
121,bar5s_shape_ask_ct_l00_eob,-0.09871652142755873,0.09871652142755873,-0.1441202688696282,1.657390703740752,0.16141180320434925,0.042737720835055004,80.0
428,rvol_flow_net_bid_zscore,0.09830570981555523,0.09830570981555523,0.07057082287165832,1.3780009176004973,0.24289084500790994,0.022573967102172077,81.0
240,bar5s_deriv_dist_d2_w3,0.09752802448439653,0.09752802448439653,0.10794196232116697,1.0361042832847622,0.38969729747333703,0.0,82.0
271,bar5s_deriv_cdi12_d1_w72,0.09712882429696156,0.09712882429696156,0.09450723810260908,1.1447162197182434,0.3367032003868964,0.06310698580532481,83.0
380,bar5s_setup_approach_bars,0.09659494694204138,0.09659494694204138,0.16525070180462717,9.772842811653979,3.0821229856342133e-07,0.13029793851545302,84.0
284,bar5s_deriv_dask10_d1_w3,-0.09539861412331699,0.09539861412331699,-0.07812416566011078,2.118895428600633,0.07983933486426838,0.07129970697007604,85.0
101,bar5s_shape_ask_sz_l00_eob,-0.09512298016288558,0.09512298016288558,-0.13807148539883074,1.5815653384857389,0.18062828729825703,0.09096198482161721,86.0
239,bar5s_deriv_dist_d1_w72,0.09503476717880503,0.09503476717880503,0.053225443950158734,2.7656757591056103,0.02866478250497046,0.03750601832603628,87.0
291,bar5s_deriv_dask10_d2_w72,-0.09352348676705032,0.09352348676705032,-0.14439735241617413,0.7034731933151245,0.5904226489911673,0.01380764504383114,88.0
30,bar5s_state_obi0_eob,0.09229029563260463,0.09229029563260463,0.1280645347239671,3.4097169258174,0.01008354062477498,0.06032218537969669,89.0
148,bar5s_shape_ask_sz_frac_l07_eob,0.09161485671506837,0.09161485671506837,0.08853559280972084,1.7663701794416693,0.1370743876992098,0.09888212970467025,90.0
202,bar5s_flow_cnt_modify_bid_p1_2_sum,-0.0907122819018111,0.0907122819018111,-0.11262850601209594,1.8399491117072329,0.12262176860220121,0.0,91.0
133,bar5s_shape_bid_sz_frac_l02_eob,-0.08942852844087607,0.08942852844087607,-0.11455734074844022,2.056245408916394,0.08798964987121147,0.05319802032188781,92.0
220,bar5s_wall_bid_maxz_levelidx_eob,-0.08869482743199726,0.08869482743199726,-0.14267572418529134,2.4090455354750326,0.05063569700290667,0.06488030615878859,93.0
388,bar5s_setup_obi0_end,0.088030655204546,0.088030655204546,0.13714241083605128,1.2840716618282644,0.2775399592733564,0.04713822477652174,94.0
185,bar5s_flow_net_vol_bid_p2_3_sum,-0.08742139316643911,0.08742139316643911,-0.10107248487443911,0.8489532040567304,0.4957311690368946,0.030244239901885184,95.0
70,bar5s_ladder_bid_gap_mean_pts_eob,0.08732360969188106,0.08732360969188106,0.1462215470688052,2.621686042050343,0.036105278682243634,0.0,96.0
292,bar5s_deriv_dbelow01_d1_w3,0.08652336923861136,0.08652336923861136,0.10784448148046169,0.17324069012212462,0.9519164058016795,0.004984678032998069,97.0
178,bar5s_flow_rem_vol_bid_p1_2_sum,0.0862175375425469,0.0862175375425469,0.15409520454940526,3.3043950234692367,0.011975619007975708,0.045242481594713,98.0
174,bar5s_flow_add_vol_ask_p0_1_sum,-0.08619767807692624,0.08619767807692624,0.08025309397846754,1.5347425812057318,0.19351392723791158,0.07086880542956431,99.0
230,bar5s_approach_is_pm_high,0.08563854761740172,0.08563854761740172,0.07295358700721695,1.3127531444405174,0.2665313660914013,0.0,100.0
140,bar5s_shape_bid_sz_frac_l09_eob,-0.08558123987011286,0.08558123987011286,-0.1953507768706454,1.1821522332428986,0.3198586430902898,0.019999000428554847,101.0
334,bar5s_cumul_flow_net_bid_p1_2,-0.08521578845136164,0.08521578845136164,-0.11667575450134816,1.674584190537099,0.15732409573667577,0.07333656481828843,102.0
216,bar5s_trade_aggsell_vol_sum,-0.08323924383607827,0.08323924383607827,0.03466893843382238,0.6995294471753821,0.5931211184691036,0.0,103.0
357,bar5s_lvl_flow_away_net_sum,-0.08305012018922306,0.08305012018922306,-0.028495231732945523,1.2505938263151093,0.29088177577411395,0.06760048560314269,104.0
311,bar5s_deriv_wbidz_d1_w72,0.08301514267991947,0.08301514267991947,0.10173933324035528,0.847435890008729,0.4966660739656429,0.04068257844813328,105.0
315,bar5s_deriv_wbidz_d2_w72,0.08118473717516062,0.08118473717516062,0.11080422075939494,0.7741577598486068,0.5431807294153721,0.0,106.0
136,bar5s_shape_bid_sz_frac_l05_eob,0.08117912070510502,0.08117912070510502,0.030534534605860354,0.6454872126245348,0.6306919294732334,0.0,107.0
233,bar5s_approach_is_or_low,-0.0810554223933067,0.0810554223933067,-0.07297155591291254,1.2624575248215888,0.2860923677596346,0.05099639868068628,108.0
297,bar5s_deriv_dbelow01_d2_w12,-0.08057896686290927,0.08057896686290927,-0.07565700871735888,0.7214757221823023,0.5781852901052214,0.01877881133959125,109.0
386,bar5s_setup_velocity_trend,-0.07992377085981665,0.07992377085981665,0.0950293658221608,0.6081446074223178,0.6572238960088785,0.0,110.0
134,bar5s_shape_bid_sz_frac_l03_eob,0.07983651479381432,0.07983651479381432,0.0933711608048026,0.42788753505530874,0.788396974813345,0.0,111.0
407,bar5s_setup_size_at_level_end,-0.07918996407809657,0.07918996407809657,-0.1246335825807453,0.7779721646330988,0.5406952804679304,0.02613618778525062,112.0
356,bar5s_lvl_flow_toward_net_sum,-0.07812988651557869,0.07812988651557869,-0.03994549562584374,0.8689104511148862,0.4835441301415866,0.0,113.0
192,bar5s_flow_cnt_add_ask_p0_1_sum,-0.07630514859374674,0.07630514859374674,0.0869297554010553,1.368896604030989,0.24607517344155816,0.04476445140337715,114.0
152,bar5s_shape_bid_ct_frac_l01_eob,0.07621287414271155,0.07621287414271155,0.08241247380085108,1.3446680592968057,0.2547284014171707,0.0,115.0
345,bar5s_lvl_depth_at_qty_eob,0.07487495604522658,0.07487495604522658,0.110480677157485,2.0760006402648643,0.085337705013229,0.021453441739743617,116.0
314,bar5s_deriv_wbidz_d2_w36,0.07435537896017068,0.07435537896017068,0.11023033266759233,0.9694937119193818,0.42529912484633636,0.04649171223415838,117.0
243,bar5s_deriv_dist_d2_w72,0.07431286077635034,0.07431286077635034,0.06351221173727108,1.0234645802672453,0.3962702905146279,0.014171148094310304,118.0
379,bar5s_setup_dist_range_pts,0.07398992399892848,0.07398992399892848,0.005897655332590975,3.252274509393733,0.01303762421039087,0.09806709991932472,119.0
276,bar5s_deriv_dbid10_d1_w3,0.07382801236848593,0.07382801236848593,0.03920260199992844,1.2183228358021283,0.3042559445716988,0.0,120.0
195,bar5s_flow_cnt_cancel_bid_p0_1_sum,-0.07357625818470107,0.07357625818470107,0.02601975749500307,2.5750549782295256,0.038895872674529694,0.0,121.0
32,bar5s_state_obi10_eob,0.0734761682260934,0.0734761682260934,0.07528017861216958,1.9158357225865776,0.10922008856481209,0.0,122.0
254,bar5s_deriv_obi10_d1_w36,0.07332930502943877,0.07332930502943877,0.07970259592212227,1.788509502660905,0.1325666242787539,0.0,123.0
99,bar5s_shape_bid_sz_l08_eob,-0.07307027418261026,0.07307027418261026,-0.07579269900102649,1.7003735326259004,0.15137142350669017,0.019778042334728685,124.0
177,bar5s_flow_rem_vol_bid_p0_1_sum,-0.07303320562494044,0.07303320562494044,0.027748189757778874,2.6598885574709747,0.03396528264780477,0.0,125.0
378,bar5s_setup_max_dist_pts,0.07223581333541185,0.07223581333541185,0.006002851454026964,3.2728675841458723,0.01260734869683768,0.04615285623706944,126.0
36,bar5s_state_cdi_p1_2_eob,0.07193921768098312,0.07193921768098312,0.0451197616624238,1.7557574651804948,0.1392854623772858,0.01542294387909493,127.5
352,bar5s_lvl_cdi_p1_2_eob,0.07193921768098312,0.07193921768098312,0.0451197616624238,1.7557574651804948,0.1392854623772858,0.02718849004177981,127.5
373,bar5s_lvl_size_at_level_d1_w3,-0.07154885395475553,0.07154885395475553,-0.12630570400370497,0.8526912963336211,0.4934329255818385,0.0,129.0
337,bar5s_cumul_flow_net_ask_p1_2,-0.07118783430023984,0.07118783430023984,-0.13029542723750323,1.3187107574972494,0.2642926914653362,0.09985835715727331,130.0
55,bar5s_depth_below_p0_1_frac_twa,-0.07064648439547075,0.07064648439547075,-0.049492900606838384,1.090336542647013,0.36246028635843125,0.0,131.0
282,bar5s_deriv_dbid10_d2_w36,-0.06901911107465175,0.06901911107465175,-0.15911429919877754,3.097820895499189,0.01676079483475951,0.04158871825929866,132.0
246,bar5s_deriv_obi0_d1_w36,0.06838265521079785,0.06838265521079785,0.1065434022336236,1.379232032254213,0.24246304287951592,0.0,133.0
217,bar5s_trade_signed_vol_sum,0.06797453827756353,0.06797453827756353,0.11433416460203095,1.5160202932969573,0.19889530890515747,0.0,134.0
21,bar5s_meta_msg_cnt_sum,-0.06749644639549209,0.06749644639549209,0.08344376571550796,2.1360154609022195,0.0777406738144599,0.0,135.0
253,bar5s_deriv_obi10_d1_w12,0.06737587454841004,0.06737587454841004,0.07434468423346798,0.8661187217223972,0.48523658946731496,0.0,136.0
154,bar5s_shape_bid_ct_frac_l03_eob,0.06646104156978247,0.06646104156978247,0.07960911778012862,0.35176664796937346,0.8426049802674226,0.0,137.0
251,bar5s_deriv_obi0_d2_w72,0.06631908355275679,0.06631908355275679,0.16411730469520808,1.6989078194147262,0.1517040824244457,0.06548680053695488,138.0
18,extension_count,0.06554193702555469,0.06554193702555469,0.0874636690974282,4.756862007407125,0.0010966038981871447,0.04399485146502391,139.0
269,bar5s_deriv_cdi12_d1_w12,0.06447587375549821,0.06447587375549821,0.06026531722661092,0.4440049979851462,0.7766879251790243,0.029322499141517522,140.0
184,bar5s_flow_net_vol_bid_p1_2_sum,-0.06384194227216407,0.06384194227216407,-0.09162416217887981,1.845542437194106,0.12158354596294607,0.018923120469668486,141.0
398,bar5s_setup_total_signed_vol,0.0627903445496051,0.0627903445496051,0.06125633285159588,0.16530343366292777,0.9557615040428405,0.028173250518028325,142.0
405,bar5s_setup_wall_imbal,0.06275394605259187,0.06275394605259187,0.07962952102760765,1.4123497960567768,0.23120143925289358,0.0,143.0
445,rvol_lookback_asymmetry_mean,0.0626959403691792,0.0626959403691792,0.11644274193722891,1.429491410512034,0.22555634697685656,0.0024892528793976076,144.0
165,bar5s_shape_ask_ct_frac_l04_eob,0.06251530188388378,0.06251530188388378,0.06416594874705,2.239642782507687,0.06612121444952258,0.08175089859154383,145.0
270,bar5s_deriv_cdi12_d1_w36,0.06251016000677258,0.06251016000677258,0.07582163962833444,1.884845910934765,0.11451738682164622,0.018416304234886383,146.0
242,bar5s_deriv_dist_d2_w36,-0.06147186481971691,0.06147186481971691,-0.06903409723144045,2.8644971266932635,0.024448961415959355,0.011788306194554732,147.0
401,bar5s_setup_bid_wall_max_z,-0.06076939491679186,0.06076939491679186,-0.022356376354622755,0.9126953546906771,0.45753160038810614,0.10953978465299308,148.0
145,bar5s_shape_ask_sz_frac_l04_eob,0.06014221979052011,0.06014221979052011,0.07378224944484488,0.9380106864503921,0.442953011110515,0.014052172797065943,149.0
355,bar5s_lvl_cdi_p2_3_eob,0.060115424384195024,0.060115424384195024,0.08918749444367464,1.234860460728416,0.2973385534134124,0.0,150.5
38,bar5s_state_cdi_p2_3_eob,0.060115424384195024,0.060115424384195024,0.08918749444367464,1.234860460728416,0.2973385534134124,0.0,150.5
250,bar5s_deriv_obi0_d2_w36,0.06001915660022269,0.06001915660022269,0.07044816288935718,0.47628125958551387,0.7531235305921087,0.0,152.0
155,bar5s_shape_bid_ct_frac_l04_eob,0.05933560901604342,0.05933560901604342,-0.047314288814099145,0.24186083888576926,0.9143200440893423,0.0,153.0
11,approach_direction,0.05890590901334792,0.05890590901334792,0.09474608428593552,2.4227689420595486,0.049547533367840665,0.02809088421630257,154.0
24,bar5s_meta_cancel_cnt_sum,-0.05862261773967761,0.05862261773967761,0.10114059791044795,2.1894362372097924,0.07152590974476654,0.0008771374811398225,155.0
403,bar5s_setup_bid_wall_bars,-0.058558459776311425,0.058558459776311425,-0.02389393686611885,0.321112877620726,0.863621533435347,0.17673684425462044,156.0
280,bar5s_deriv_dbid10_d2_w3,0.058106848053517714,0.058106848053517714,0.02569891845630961,2.102116544885117,0.08194859877126082,0.0,157.0
363,bar5s_lvl_level_book_index_bid,-0.05761079424387694,0.05761079424387694,-0.03262404740032177,2.0545492055230334,0.08822096899210648,0.0,158.0
28,bar5s_state_spread_pts_eob,0.0575693613578242,0.0575693613578242,0.09219241266270403,0.6790297870998123,0.6072461380195074,0.08653116991708965,159.0
410,bar5s_setup_size_at_level_recent12_sum,-0.0571228554915915,0.0571228554915915,-0.1246335825807453,0.47129576639246723,0.7567700675309961,0.0,160.0
419,rvol_trade_aggsell_ratio,-0.05707537606754029,0.05707537606754029,0.02788942639573252,0.9010364161006316,0.464359909060888,0.021016970479982966,161.0
421,rvol_trade_aggsell_zscore,-0.05707537591667343,0.05707537591667343,0.018139175395498565,0.9010364163183067,0.4643599089327335,0.0,162.0
23,bar5s_meta_add_cnt_sum,-0.05695047670072844,0.05695047670072844,0.10068900253337751,2.20586679900276,0.0697121416010391,0.0,163.0
439,rvol_aggbuy_aggsell_asymmetry,0.05675706539096554,0.05675706539096554,0.11678117089893932,1.1902998419468032,0.3162868775090587,0.0,164.0
384,bar5s_setup_mid_velocity,0.05671734148685289,0.05671734148685289,-0.013767660133392525,3.8020193101933377,0.005299986453618817,0.009526811925687717,165.0
194,bar5s_flow_cnt_add_ask_p2_3_sum,0.056520125396831,0.056520125396831,-0.023048487974759207,0.5601236061127071,0.6918715613982221,0.0,166.0
301,bar5s_deriv_dabove01_d1_w12,-0.056497802834176214,0.056497802834176214,-0.05010801954318572,1.126718829876987,0.34505730271958024,0.013116909431208246,167.0
293,bar5s_deriv_dbelow01_d1_w12,-0.0564882636951446,0.0564882636951446,-0.05052234409745162,1.372857385355051,0.24468536879560351,0.09175026945746856,168.0
429,rvol_flow_net_ask_zscore,-0.05577410911634965,0.05577410911634965,-0.07747634678706851,1.9148335998928827,0.10938771524718872,0.024854084102642116,169.0
273,bar5s_deriv_cdi12_d2_w12,0.055741332344630495,0.055741332344630495,-0.0051720604135609095,0.3500340173104814,0.8438085441525169,0.0,170.0
285,bar5s_deriv_dask10_d1_w12,-0.05562238510530161,0.05562238510530161,-0.11528796981130503,1.0866425986956523,0.36426605833183007,0.0,171.0
209,bar5s_flow_net_volnorm_bid_p2_3_sum,-0.05549346624663639,0.05549346624663639,-0.09970949927237209,0.42065863203097736,0.7936303674838636,0.02235608326496541,172.0
300,bar5s_deriv_dabove01_d1_w3,-0.055385647575994394,0.055385647575994394,-0.049869518480970834,0.752395409416413,0.5574899614751452,0.05844451900022518,173.0
107,bar5s_shape_ask_sz_l06_eob,-0.05520923637632778,0.05520923637632778,-0.10746947513253681,0.532659180025567,0.7118767594335711,0.08587264775511727,174.0
135,bar5s_shape_bid_sz_frac_l04_eob,0.05459088143315484,0.05459088143315484,-0.03872273704791569,0.3867172227907231,0.8179979400443183,0.09802084827735102,175.0
118,bar5s_shape_bid_ct_l07_eob,0.05378018143273207,0.05378018143273207,0.04344112725817689,2.1329576070921386,0.07811161323420028,0.008366779118868184,176.0
180,bar5s_flow_rem_vol_ask_p0_1_sum,-0.05369733540007742,0.05369733540007742,0.13380756614644718,1.4211657478065969,0.22828269608475946,0.029861013219224297,177.0
198,bar5s_flow_cnt_cancel_ask_p0_1_sum,-0.0535736774179458,0.0535736774179458,0.13309688043443202,1.4294141349508265,0.22558151828780468,0.03790591537365762,178.0
390,bar5s_setup_obi0_min,-0.053223060972914266,0.053223060972914266,-0.012606893742084065,0.6014831801227378,0.6619983871247115,0.049568638049550806,179.0
161,bar5s_shape_ask_ct_frac_l00_eob,-0.05295733218482118,0.05295733218482118,-0.06399122471761272,0.4138063696904155,0.798578757415865,0.02475027467678581,180.0
370,bar5s_lvl_depth_band_0to1_frac_eob,-0.05246379976803441,0.05246379976803441,0.03999143404089946,0.7970616863353543,0.5283603004931599,0.0,181.0
33,bar5s_state_cdi_p0_1_twa,-0.05221009123969951,0.05221009123969951,-0.042315058906903354,2.4431501129142226,0.047973122281427534,0.020466456354373275,182.0
57,bar5s_depth_below_p1_2_frac_twa,0.05187377753839386,0.05187377753839386,0.1389388724323975,0.5737484678719799,0.6819913296721849,0.02077812547872382,183.0
90,bar5s_shape_ask_px_l09_eob,0.051763074124968216,0.051763074124968216,0.029360064226136514,1.3098211522976408,0.26763913303275255,0.08882372117696269,184.0
89,bar5s_shape_ask_px_l08_eob,0.05169199461948042,0.05169199461948042,0.029360064226136514,1.3076533510845383,0.26846073412808497,0.08390497197277158,185.0
213,bar5s_trade_cnt_sum,-0.051574534076545074,0.051574534076545074,0.09321630499690843,1.429883150676039,0.2254287821242462,0.0,186.5
26,bar5s_meta_trade_cnt_sum,-0.051574534076545074,0.051574534076545074,0.09321630499690843,1.429883150676039,0.2254287821242462,0.046100510774043535,186.5
88,bar5s_shape_ask_px_l07_eob,0.051572637689360275,0.051572637689360275,0.029360064226136514,1.3040085257955913,0.269847049711629,0.08471304697046511,188.0
122,bar5s_shape_ask_ct_l01_eob,-0.05119909250677443,0.05119909250677443,-0.07418183504241697,1.2629790033009896,0.2858833998158387,0.03471130383692955,189.0
87,bar5s_shape_ask_px_l06_eob,0.05118861335597589,0.05118861335597589,0.02711971639804439,1.2958525970206154,0.27297159991586334,0.05927176941380008,190.0
86,bar5s_shape_ask_px_l05_eob,0.051004376077667016,0.051004376077667016,0.026961462082803707,1.28905535450813,0.2755994332746163,0.08126593423449835,191.0
219,bar5s_wall_ask_maxz_eob,-0.051000275990840366,0.051000275990840366,-0.024313982694941647,0.8058193234041229,0.5227600924126412,0.0,192.0
84,bar5s_shape_ask_px_l03_eob,0.05090518233971697,0.05090518233971697,0.02679546780772118,1.2860131587587549,0.27678259534295896,0.04306914093332592,193.5
85,bar5s_shape_ask_px_l04_eob,0.05090518233971697,0.05090518233971697,0.02679546780772118,1.2860131587587549,0.27678259534295896,0.10099459726626758,193.5
83,bar5s_shape_ask_px_l02_eob,0.05080618764309187,0.05080618764309187,0.026676584141516947,1.2822774774507153,0.27824144139735657,0.08902050478461465,195.0
182,bar5s_flow_rem_vol_ask_p2_3_sum,0.05057796883731032,0.05057796883731032,0.008442821014991766,0.5112467324221642,0.7275300056520845,0.016381616419950618,196.0
119,bar5s_shape_bid_ct_l08_eob,-0.05050617343510873,0.05050617343510873,-0.08711661310865983,3.2601569664580126,0.01287124136365483,0.09274721241299133,197.0
82,bar5s_shape_ask_px_l01_eob,0.05042568931375357,0.05042568931375357,0.025129719988340474,1.2705877422189065,0.28284922805647283,0.07626003934878645,198.0
81,bar5s_shape_ask_px_l00_eob,0.05034847332683563,0.05034847332683563,0.025129719988340474,1.2682118856322455,0.28379368529363813,0.08034943757643731,199.0
142,bar5s_shape_ask_sz_frac_l01_eob,0.050308182036282754,0.050308182036282754,0.049618968110006836,1.02383569644468,0.39607608285638024,0.0,200.0
1,level_price,0.0502559717666654,0.0502559717666654,0.03194973249341883,1.236839195005041,0.2965198745089498,0.0,201.0
19,bar5s_microprice_eob,0.04987576880193611,0.04987576880193611,0.024788394341722475,1.249599825917003,0.2912861419025212,0.07444008034375615,202.0
231,bar5s_approach_is_pm_low,-0.04978679145401314,0.04978679145401314,0.00033119178671146214,0.4071068992384001,0.803403941083781,0.0,203.0
20,bar5s_midprice_eob,0.04955898888723377,0.04955898888723377,0.022359483963091804,1.263734746476481,0.285580788423873,0.0684034243278564,204.0
179,bar5s_flow_rem_vol_bid_p2_3_sum,-0.04903455496915325,0.04903455496915325,0.07156859641114059,2.7887886046321415,0.02761919297849665,0.08328470091419016,205.0
94,bar5s_shape_bid_sz_l03_eob,0.04891868109228772,0.04891868109228772,0.024761950318781357,1.9356571773157463,0.10595388740263992,0.07041565554206564,206.0
73,bar5s_shape_bid_px_l02_eob,0.0488432735738623,0.0488432735738623,0.019656944756139896,1.259075533150968,0.28745077737851804,0.040551911940196916,207.0
27,bar5s_state_spread_pts_twa,0.048770270774975186,0.048770270774975186,0.12900608518831647,0.46074329416823934,0.7644819143657001,0.04516864744798088,208.0
72,bar5s_shape_bid_px_l01_eob,0.048766130668769746,0.048766130668769746,0.020235306625954408,1.2590630958671372,0.2874557830832075,0.034997641426264714,209.5
71,bar5s_shape_bid_px_l00_eob,0.048766130668769746,0.048766130668769746,0.020235306625954408,1.2590630958671372,0.2874557830832075,0.06939072582843053,209.5
262,bar5s_deriv_cdi01_d1_w36,0.04873981795949081,0.04873981795949081,0.02528364948418464,1.4761291068242623,0.21081370264000002,0.0,211.0
74,bar5s_shape_bid_px_l03_eob,0.048723990881704586,0.048723990881704586,0.019516234511830793,1.2584144005021505,0.2877169704165727,0.05869233468313695,212.0
79,bar5s_shape_bid_px_l08_eob,0.0484758609975562,0.0484758609975562,0.018522041169039074,1.2601772018523274,0.2870076777126865,0.060909318751106056,213.5
80,bar5s_shape_bid_px_l09_eob,0.0484758609975562,0.0484758609975562,0.018522041169039074,1.2601772018523274,0.2870076777126865,0.04156984540277442,213.5
77,bar5s_shape_bid_px_l06_eob,0.04845977512555035,0.04845977512555035,0.01903677963842547,1.2578151864724323,0.287958414835375,0.04779018799002488,216.0
75,bar5s_shape_bid_px_l04_eob,0.04845977512555035,0.04845977512555035,0.01903677963842547,1.2578151864724323,0.287958414835375,0.03126793533806538,216.0
76,bar5s_shape_bid_px_l05_eob,0.04845977512555035,0.04845977512555035,0.01903677963842547,1.2578151864724323,0.287958414835375,0.04481169130823082,216.0
78,bar5s_shape_bid_px_l07_eob,0.048373138316726495,0.048373138316726495,0.01863374323800003,1.2572192278294527,0.2881987190682711,0.047940399597737215,218.0
113,bar5s_shape_bid_ct_l02_eob,-0.04789027979153991,0.04789027979153991,-0.0852832958575373,2.3862158595764256,0.05249732935154927,0.0,219.0
141,bar5s_shape_ask_sz_frac_l00_eob,-0.04783311078463343,0.04783311078463343,-0.055415574418443615,0.38014143440657516,0.8226709511126333,0.022696423625228057,220.0
156,bar5s_shape_bid_ct_frac_l05_eob,0.04703049292277432,0.04703049292277432,-0.01436482443006676,0.6935620104150452,0.5972160528989687,0.0,221.0
277,bar5s_deriv_dbid10_d1_w12,0.04693584192884243,0.04693584192884243,-0.008062506337930807,0.32097951246628337,0.8637115794368505,0.04174976513945339,222.0
43,bar5s_depth_below_p0_1_qty_twa,-0.04651261840890789,0.04651261840890789,-0.06564092415549097,2.177205194181351,0.07290537029026334,0.06871913365205762,223.0
249,bar5s_deriv_obi0_d2_w12,0.04637432122669541,0.04637432122669541,0.021272971585490016,0.966545832671651,0.42692963201300915,0.0,224.0
443,rvol_lookback_elevated_bars,0.046070959154558985,0.046070959154558985,0.07730105069894438,2.7673784022637506,0.02858645470072168,0.0,225.0
281,bar5s_deriv_dbid10_d2_w12,0.04574810840627897,0.04574810840627897,-0.015317052150190457,0.5405090389558627,0.7061487305906895,0.0,226.0
29,bar5s_state_obi0_twa,-0.04563868332246861,0.04563868332246861,-0.015137358559394307,0.7792432019738251,0.5398685976089581,0.015150002827699183,227.0
93,bar5s_shape_bid_sz_l02_eob,-0.04517646158979539,0.04517646158979539,-0.07942421088049435,2.5688665144364116,0.03928163766026183,0.03860321094085428,228.0
120,bar5s_shape_bid_ct_l09_eob,-0.045150305213401486,0.045150305213401486,-0.09171522307103944,2.107939210699011,0.0812106800282008,0.0,229.0
95,bar5s_shape_bid_sz_l04_eob,0.044892025230769204,0.044892025230769204,-0.018907753437477123,1.534311571931863,0.19363631760891045,0.05628606058468755,230.0
200,bar5s_flow_cnt_cancel_ask_p2_3_sum,0.044867525404297504,0.044867525404297504,0.012796926980414552,0.6879252106267797,0.6010969250106504,0.0,231.0
389,bar5s_setup_obi0_delta,0.04468268344669475,0.04468268344669475,0.08201365931268993,0.7381645559626535,0.5669630601310813,0.05480471585482993,232.0
92,bar5s_shape_bid_sz_l01_eob,0.04451649570602825,0.04451649570602825,0.08517954983002951,1.4423852028147963,0.221391219441147,0.017011767425425095,233.0
229,bar5s_approach_side_of_level_eob,-0.04423044626775226,0.04423044626775226,-0.04680836670988344,2.1830412212449604,0.07224401263089629,0.0,234.0
228,bar5s_approach_abs_dist_to_level_pts_eob,-0.04422543613819188,0.04422543613819188,-0.1078816297070521,1.376416650456224,0.24344234163735354,0.0,235.0
34,bar5s_state_cdi_p0_1_eob,0.04422370728945648,0.04422370728945648,0.04066039793894255,2.8214045825498704,0.026206918169985074,0.05451339040755876,236.5
349,bar5s_lvl_cdi_p0_1_eob,0.04422370728945648,0.04422370728945648,0.04066039793894255,2.8214045825498704,0.026206918169985074,0.05937066556800508,236.5
309,bar5s_deriv_wbidz_d1_w12,0.043552271946492825,0.043552271946492825,0.07022920185497683,1.3712561776097194,0.24524638655723957,0.0,238.0
127,bar5s_shape_ask_ct_l06_eob,-0.04345304540569568,0.04345304540569568,-0.0953406206761309,0.7870352284857536,0.5348173681634496,0.0,239.0
189,bar5s_flow_cnt_add_bid_p0_1_sum,-0.04330880965090144,0.04330880965090144,0.08424373938461209,2.7593210781825572,0.02895897829967384,0.0,240.0
346,bar5s_lvl_depth_imbal_eob,0.043174533050305164,0.043174533050305164,0.04278209439110585,2.0494649057580148,0.08891780964044674,0.03000713142464395,241.0
98,bar5s_shape_bid_sz_l07_eob,0.04258833110065133,0.04258833110065133,0.031896285168816374,1.754016904713702,0.1396512448010929,0.019470830011231843,242.0
287,bar5s_deriv_dask10_d1_w72,-0.041549715467989815,0.041549715467989815,-0.09466522408162717,0.61517234350622,0.6521996495502138,0.0,243.0
212,bar5s_flow_net_volnorm_ask_p2_3_sum,-0.041334322383282995,0.041334322383282995,-0.1456773278992871,0.4196055357341224,0.7943916793948658,0.029616715102665392,244.0
306,bar5s_deriv_dabove01_d2_w36,-0.04111905589137409,0.04111905589137409,-0.0055359965701894396,0.46896943605174735,0.7584710119857259,0.024925826394750494,245.0
263,bar5s_deriv_cdi01_d1_w72,0.04104688360559585,0.04104688360559585,0.06635159184050361,1.144326909420718,0.336882141780088,0.01410716542211432,246.0
316,bar5s_deriv_waskz_d1_w3,-0.040929439764204295,0.040929439764204295,-0.08869680756778722,0.20890685420575356,0.9332745009944174,0.0,247.0
440,rvol_lookback_trade_vol_mean_ratio,0.03999964727720121,0.03999964727720121,0.012706824254700398,1.2338154693777228,0.2977716794551201,0.0,248.0
371,bar5s_lvl_depth_band_1to2_frac_eob,0.03996882349212346,0.03996882349212346,0.09467049965857123,0.4597981731268719,0.7651720853099647,0.06825284638260287,249.0
343,bar5s_lvl_depth_above_qty_eob,-0.039968334303919995,0.039968334303919995,-0.05424415333689624,1.2572698822990211,0.2881782873675024,0.0704724769717755,250.0
162,bar5s_shape_ask_ct_frac_l01_eob,0.039854193083024424,0.039854193083024424,0.04411866567439205,0.9869019091173417,0.4157653737325069,0.028648545068989506,251.0
265,bar5s_deriv_cdi01_d2_w12,-0.0396838192652221,0.0396838192652221,-0.05817755192712213,2.0500564911982515,0.08883646015936258,0.0,252.0
0,bar_ts,0.03958027189337194,0.03958027189337194,-0.006483804623395433,1.1350287174035127,0.3411791663464462,0.08575588402460799,253.5
2,trigger_bar_ts,0.03958027189337194,0.03958027189337194,-0.006483804623395433,1.1350287174035127,0.3411791663464462,0.08575588402460799,253.5
54,bar5s_depth_above_p2_3_qty_eob,-0.03953087967708098,0.03953087967708098,-0.06313704384148147,0.35459897844362676,0.840633855928112,0.018428637357370548,255.5
353,bar5s_lvl_depth_above_p2_3_qty_eob,-0.03953087967708098,0.03953087967708098,-0.06313704384148147,0.35459897844362676,0.840633855928112,0.028525558211697444,255.5
222,bar5s_wall_bid_nearest_strong_dist_pts_eob,0.039224264761874045,0.039224264761874045,0.058287378968092746,0.2394028789086281,0.9157843509765258,0.0,257.0
402,bar5s_setup_ask_wall_max_z,0.038897744048910075,0.038897744048910075,0.06976902627082031,1.1690914658456253,0.32565427470415204,0.034686206057777724,258.0
67,bar5s_ladder_ask_gap_max_pts_eob,0.037961316898194666,0.037961316898194666,0.08336158132492623,0.5569418642807346,0.6941835543922606,0.0164573337438938,259.0
58,bar5s_depth_below_p1_2_frac_eob,0.03727897134681734,0.03727897134681734,0.03893752271137577,0.3280495542027309,0.8589203186067836,0.014284811937104624,260.0
266,bar5s_deriv_cdi01_d2_w36,0.036761472750682894,0.036761472750682894,-0.026444084781879606,0.8658566784359971,0.48539565742427204,0.0,261.0
111,bar5s_shape_bid_ct_l00_eob,0.036429711541387105,0.036429711541387105,0.08100002398112847,3.2127621726592097,0.013904161837842871,0.11810212163400946,262.0
331,bar5s_cumul_flow_imbal,0.03628968849050517,0.03628968849050517,-0.0024609478253175146,0.6009739015042315,0.6623638757498345,0.0,263.5
332,bar5s_cumul_flow_imbal_rate,0.03628968849050517,0.03628968849050517,-0.0024609478253175146,0.6009739015042311,0.6623638757498345,0.0,263.5
288,bar5s_deriv_dask10_d2_w3,-0.03623811206115972,0.03623811206115972,-0.013022644942650525,1.8665016282737767,0.11776600209437436,0.039263404209208375,265.0
91,bar5s_shape_bid_sz_l00_eob,0.03594597200631829,0.03594597200631829,0.07903313194975667,3.6566710084013985,0.006729069411926184,0.0678777629236258,266.0
102,bar5s_shape_ask_sz_l01_eob,-0.03555244134074078,0.03555244134074078,-0.06413847886934866,1.4563430383538571,0.21695975298423173,0.08212531577909221,267.0
376,bar5s_setup_start_dist_pts,-0.035245282090583446,0.035245282090583446,0.05440351796418567,0.5271949113457807,0.7158678492426193,0.0,268.0
247,bar5s_deriv_obi0_d1_w72,0.03491018682151549,0.03491018682151549,0.10243261098999067,1.6306764061163326,0.16795719963369438,0.0,269.0
151,bar5s_shape_bid_ct_frac_l00_eob,0.03455975940314397,0.03455975940314397,0.09992600015442565,6.209753646484406,9.952797669982618e-05,0.06085190016106434,270.0
232,bar5s_approach_is_or_high,0.034483314920838844,0.034483314920838844,-0.0011436354277512598,1.08733009115059,0.3639294353940418,0.04491731673497101,271.0
308,bar5s_deriv_wbidz_d1_w3,0.03293715795453404,0.03293715795453404,0.03052490971053507,0.6752323930972022,0.6098802640985101,0.0,272.0
109,bar5s_shape_ask_sz_l08_eob,-0.03276188502836072,0.03276188502836072,-0.06904132639895347,0.3307105256024248,0.8571079157212249,0.0,273.0
214,bar5s_trade_vol_sum,-0.031713520923670795,0.031713520923670795,0.10892713292225951,1.982783395812004,0.09855490654873272,0.018249513310102827,274.0
434,rvol_cumul_flow_imbal_dev,0.03163609588568488,0.03163609588568488,-0.020419723846845823,0.46614602635076674,0.7605348113217567,0.0,275.0
171,bar5s_flow_add_vol_bid_p0_1_sum,-0.03163299804913464,0.03163299804913464,0.09501878358548155,3.341565329991474,0.011270875876456527,0.021484215258966266,276.0
131,bar5s_shape_bid_sz_frac_l00_eob,0.03142712232402946,0.03142712232402946,0.10524333075203444,7.184392134196467,2.0102501931676135e-05,0.026004926677199336,277.0
56,bar5s_depth_below_p0_1_frac_eob,-0.03141186431929458,0.03141186431929458,0.023349741131567483,0.5861344378148379,0.6730412846732026,0.0,278.0
302,bar5s_deriv_dabove01_d1_w36,-0.03134662719300286,0.03134662719300286,-0.06414753163032338,0.8829267640345028,0.47510795146198337,0.04182569354534582,279.0
223,bar5s_wall_ask_nearest_strong_dist_pts_eob,0.03131390250574776,0.03131390250574776,0.0010993584477660037,0.861401151139356,0.4881057136642475,0.0,280.0
347,bar5s_lvl_depth_above_p0_1_qty_eob,-0.031007344918041274,0.031007344918041274,-0.044460046605589915,0.7882914523340744,0.5340057155191213,0.0005547802301610893,281.5
50,bar5s_depth_above_p0_1_qty_eob,-0.031007344918041274,0.031007344918041274,-0.044460046605589915,0.7882914523340744,0.5340057155191213,0.004244032250236174,281.5
393,bar5s_setup_obi10_end,0.030680672598705206,0.030680672598705206,-0.0034731291731236484,0.7971640957680396,0.5282945981477754,0.020345969443775314,283.0
42,bar5s_depth_ask10_qty_eob,-0.030676433620288338,0.030676433620288338,-0.05203674032067136,0.5793512974259271,0.6779387442691407,0.0,284.0
112,bar5s_shape_bid_ct_l01_eob,0.030404512150780817,0.030404512150780817,0.06150156252150814,1.6815047549458966,0.15570584294517145,0.03761741817862996,285.0
396,bar5s_setup_obi10_max,0.03022167993864385,0.03022167993864385,0.12420981883137845,2.2899221621773425,0.061103040106205306,0.02541546421441332,286.0
123,bar5s_shape_ask_ct_l02_eob,-0.030169040381021937,0.030169040381021937,-0.05693939903769981,0.2669235127707359,0.8989749115611808,0.001113786107896697,287.0
404,bar5s_setup_ask_wall_bars,-0.030057492541784563,0.030057492541784563,0.055477794827418,0.04547768766267005,0.9960715657807427,0.0,288.0
225,bar5s_wall_ask_nearest_strong_levelidx_eob,0.029952016087381083,0.029952016087381083,0.0007185320365688141,0.8880277352487076,0.47206315658111453,0.0,289.0
387,bar5s_setup_obi0_start,0.02945273419446599,0.02945273419446599,0.00944340951664976,1.4898207568767867,0.20665255369946703,0.03255680310603459,290.0
53,bar5s_depth_above_p2_3_qty_twa,-0.02921687017449714,0.02921687017449714,-0.04217936123002392,0.34567517415008986,0.8468286769008645,0.0,291.0
96,bar5s_shape_bid_sz_l05_eob,0.028930783963340485,0.028930783963340485,0.026076966675543146,2.584146185025491,0.038335837345464974,0.008996109725417423,292.0
129,bar5s_shape_ask_ct_l08_eob,-0.02831986630487121,0.02831986630487121,-0.06142033949913853,0.8319259124699996,0.50628965101982,0.0,293.0
68,bar5s_ladder_ask_gap_mean_pts_eob,0.028314831891551467,0.028314831891551467,0.08336158132492623,0.4263031608903653,0.7895450582629602,0.0,294.0
114,bar5s_shape_bid_ct_l03_eob,0.027965362029004574,0.027965362029004574,0.016329492583422443,2.461342801642188,0.04660878288476896,0.06099638704841004,295.0
257,bar5s_deriv_obi10_d2_w12,0.027864656034605036,0.027864656034605036,0.032981603069039814,0.892187072058662,0.46959050039965033,0.0,296.0
128,bar5s_shape_ask_ct_l07_eob,0.027818342479551957,0.027818342479551957,0.012295356663977687,1.0387608565830542,0.3883266601550752,0.05627314147801421,297.0
391,bar5s_setup_obi0_max,0.0274560833944166,0.0274560833944166,0.13179802952756783,2.385500170085354,0.05255674667043979,0.057646858124316136,298.0
336,bar5s_cumul_flow_net_ask_p0_1,-0.02737921673426009,0.02737921673426009,0.09095107899371756,1.6845481965389049,0.15499905986352855,0.06432844459031184,299.0
392,bar5s_setup_obi10_start,0.027067811953217343,0.027067811953217343,0.0017987810713360386,2.7593684143141206,0.02895677595619697,0.0,300.0
37,bar5s_state_cdi_p2_3_twa,0.02668214644544171,0.02668214644544171,0.04616830752329226,4.082709932344825,0.0033387297433925328,0.0,301.0
426,rvol_flow_net_bid_ratio,-0.026547633011567418,0.026547633011567418,0.054061876706339156,0.3517217387907612,0.842636197856896,0.08104315246382754,302.0
425,rvol_flow_add_ask_zscore,0.026136443367077038,0.026136443367077038,0.012912003450620624,1.8496222096314265,0.12083146933959807,0.0,303.0
423,rvol_flow_add_ask_ratio,0.02613644336519218,0.02613644336519218,0.014831594088963482,1.8496222096479975,0.12083146933655316,0.0,304.0
408,bar5s_setup_size_at_level_delta,-0.02584417035210011,0.02584417035210011,-0.05582816491299036,0.4011018922274664,0.807717112170244,0.0,305.0
333,bar5s_cumul_flow_net_bid_p0_1,-0.025745815891602988,0.025745815891602988,0.06644469667750566,1.4186457051345858,0.22911366550001763,0.028366812930547436,306.0
304,bar5s_deriv_dabove01_d2_w3,-0.025721332157059375,0.025721332157059375,-0.023511355447147733,0.5605750358480962,0.6915436693899872,0.011854495669268328,307.0
163,bar5s_shape_ask_ct_frac_l02_eob,-0.025629724705441715,0.025629724705441715,-0.006859345606573237,1.1102648886450854,0.35284208747547224,0.0,308.0
267,bar5s_deriv_cdi01_d2_w72,0.02503936483174419,0.02503936483174419,0.0343456595622212,0.47830340895456136,0.751644040180562,0.0034584578436707147,309.0
244,bar5s_deriv_obi0_d1_w3,0.024931506408486428,0.024931506408486428,0.03722120242521586,1.26345572091811,0.28569248271648695,0.008487675624280211,310.0
105,bar5s_shape_ask_sz_l04_eob,0.024882628417569996,0.024882628417569996,0.011415647069388486,0.16998501753256007,0.9535078601741952,0.10062948896822332,311.0
295,bar5s_deriv_dbelow01_d1_w72,0.02477312123190661,0.02477312123190661,-0.031245028114018993,0.9370391893039484,0.44350618963549804,0.01802329057728258,312.0
103,bar5s_shape_ask_sz_l02_eob,-0.024667517219806687,0.024667517219806687,-0.046810649471485055,0.3610184189002016,0.8361500723979449,0.0018263127433710835,313.0
201,bar5s_flow_cnt_modify_bid_p0_1_sum,0.02447220283015807,0.02447220283015807,0.07835205579770056,3.394805402659973,0.010332279678520106,0.0,314.0
115,bar5s_shape_bid_ct_l04_eob,0.024449201273358083,0.024449201273358083,-0.027184581571157707,2.0077263617168497,0.09483946573312087,0.008162922479346246,315.0
100,bar5s_shape_bid_sz_l09_eob,-0.024093061667049127,0.024093061667049127,-0.12226534731903657,1.208682212214893,0.30835074236196736,0.0,316.0
367,bar5s_lvl_depth_band_0to1_qty_eob,-0.02394814436052382,0.02394814436052382,-0.033451198450073445,1.1821103916379216,0.31987707211613925,0.004425440285381832,317.0
431,rvol_flow_add_total_zscore,0.02379370795377394,0.02379370795377394,0.019198523146814736,2.3613636218234797,0.05459907867674977,0.0026257886944098807,318.0
430,rvol_flow_add_total_ratio,0.02379370795325538,0.02379370795325538,0.01992366247639182,2.3613636218391765,0.05459907867539721,0.0,319.0
126,bar5s_shape_ask_ct_l05_eob,-0.02370600005891513,0.02370600005891513,-0.052876966948671715,0.21876970667859175,0.9277613498614417,0.018779612118336786,320.0
420,rvol_trade_aggbuy_zscore,0.023269441157603207,0.023269441157603207,0.1335599513830836,2.0386252833583676,0.09042097618253957,0.06579081503150608,321.0
418,rvol_trade_aggbuy_ratio,0.023269441113581132,0.023269441113581132,0.1543258271019771,2.038625284488053,0.09042097602463121,0.013999834271653633,322.0
312,bar5s_deriv_wbidz_d2_w3,0.02288148718414482,0.02288148718414482,-0.012321631764146062,0.576051085786354,0.6803250472808724,0.011104804923838252,323.0
344,bar5s_lvl_depth_below_qty_eob,0.021876976777413022,0.021876976777413022,0.027977771896247082,3.867781203053225,0.004756699345419308,0.14092662916882404,324.0
110,bar5s_shape_ask_sz_l09_eob,-0.02178849172636466,0.02178849172636466,-0.0522310983378145,0.5870807801445496,0.6723588253423258,0.0,325.0
224,bar5s_wall_bid_nearest_strong_levelidx_eob,0.02162894918943265,0.02162894918943265,0.05790730463560587,0.22457024619748087,0.9244531202598545,0.015082894355837428,326.0
59,bar5s_depth_below_p2_3_frac_twa,0.021520883252755862,0.021520883252755862,-0.05185630181248853,0.9290077987173303,0.44809858107639133,0.0,327.0
369,bar5s_lvl_depth_band_beyond2_qty_eob,-0.021369929422516074,0.021369929422516074,-0.07876262750143824,1.052987716198901,0.3810504743043978,0.023861863006603645,328.0
97,bar5s_shape_bid_sz_l06_eob,-0.021299081082536194,0.021299081082536194,-0.03941614370097181,2.2858436157266318,0.061496046472594525,0.018378864496968905,329.0
108,bar5s_shape_ask_sz_l07_eob,0.021101179666977277,0.021101179666977277,0.00241868373883954,0.9223810935985874,0.45191359162193323,0.029887167585873176,330.0
424,rvol_flow_add_bid_zscore,0.021051252290226585,0.021051252290226585,0.024025929969690062,2.894607294166634,0.023289738714468294,0.013595741421167151,331.0
422,rvol_flow_add_bid_ratio,0.021051252289360875,0.021051252289360875,0.026444495962402878,2.8946072942254206,0.023289738712258305,0.02226257125000597,332.0
66,bar5s_depth_above_p2_3_frac_eob,-0.020749809332236115,0.020749809332236115,-0.05437721836569122,0.4348291323548863,0.7833603541957259,0.0,333.0
197,bar5s_flow_cnt_cancel_bid_p2_3_sum,0.02037042819529115,0.02037042819529115,0.09302665251707219,2.521971984843779,0.042328220053053256,0.07654072538242573,334.0
436,rvol_bid_ask_add_asymmetry,-0.019886774272116856,0.019886774272116856,-0.01566580004262608,2.6488576902007654,0.034570168674028415,0.0014807785571702148,335.0
400,bar5s_setup_flow_imbal_total,0.01974378374794026,0.01974378374794026,0.06605757854488842,0.44913001083888254,0.7729548412991584,0.0,336.0
65,bar5s_depth_above_p2_3_frac_twa,-0.019668485754854737,0.019668485754854737,-0.03534076372228747,1.5421936156593972,0.19140915449012322,0.05071123824129842,337.0
289,bar5s_deriv_dask10_d2_w12,-0.019619337342229128,0.019619337342229128,-0.06772846126958053,1.63936860527571,0.1658012100370454,0.04230175375974987,338.0
286,bar5s_deriv_dask10_d1_w36,-0.0195144466163768,0.0195144466163768,-0.07434076627145142,0.44284060175331974,0.7775354810954107,0.01643834261633792,339.0
218,bar5s_wall_bid_maxz_eob,0.01936587890638188,0.01936587890638188,0.037449038258774686,2.316371674906186,0.05861247394584679,0.0,340.0
412,bar5s_setup_flow_toward_recent12_sum,0.018708669499728717,0.018708669499728717,0.038157933484207,1.164051660735613,0.32791382742897324,0.0,341.0
327,bar5s_cumul_aggsell_vol,-0.018302778570424897,0.018302778570424897,0.055198223182560534,0.6486018060444393,0.628498509404898,0.03382404638367387,342.0
124,bar5s_shape_ask_ct_l03_eob,-0.01758419166017372,0.01758419166017372,-0.0327434296476989,1.0030638036727364,0.4070595796585303,0.0855538111937375,343.0
199,bar5s_flow_cnt_cancel_ask_p1_2_sum,-0.017296004578424094,0.017296004578424094,0.03842434765324655,1.5506472539096259,0.18904629696036424,0.0,344.0
39,bar5s_depth_bid10_qty_twa,-0.017112469241052405,0.017112469241052405,-0.03828229357214268,1.866633159886065,0.11774240387266603,0.056682088890886106,345.0
104,bar5s_shape_ask_sz_l03_eob,-0.017096861093525723,0.017096861093525723,-0.036070393520595836,1.0425888958947271,0.38635823778621425,0.06459606145070573,346.0
143,bar5s_shape_ask_sz_frac_l02_eob,-0.016731979028184307,0.016731979028184307,0.010105564921484391,0.8780815578536394,0.47801264955028766,0.0,347.0
149,bar5s_shape_ask_sz_frac_l08_eob,-0.016640404346362464,0.016640404346362464,-0.06331590776614782,0.8169818898896037,0.5156763904222958,0.0,348.0
326,bar5s_cumul_aggbuy_vol,0.01660047885870621,0.01660047885870621,0.09769117741888592,0.7957699034876327,0.5291894986987814,0.01669737082415157,349.0
444,rvol_lookback_depressed_bars,0.016326349427506603,0.016326349427506603,0.010437049232999245,2.0834380425754704,0.08435917284886629,0.0,350.0
35,bar5s_state_cdi_p1_2_twa,0.016017643611827007,0.016017643611827007,0.032406301459769714,2.019774122290096,0.09309281441150903,0.04147367445340988,351.0
274,bar5s_deriv_cdi12_d2_w36,0.015489703259345235,0.015489703259345235,-0.020476214034119523,1.2951676714861906,0.2732354116607908,0.0,352.0
446,rvol_recent_vs_lookback_vol_ratio,-0.014957577247036927,0.014957577247036927,0.042626108065753995,1.8654516250827264,0.1179545435406256,0.0,353.0
60,bar5s_depth_below_p2_3_frac_eob,-0.014812528807143031,0.014812528807143031,-0.023279474194618604,0.4995314308404974,0.73610498116469,0.0,354.0
354,bar5s_lvl_depth_below_p2_3_qty_eob,-0.014718787224619998,0.014718787224619998,-0.03976885690063003,0.6799733017021286,0.6065924875356754,0.0,355.5
48,bar5s_depth_below_p2_3_qty_eob,-0.014718787224619998,0.014718787224619998,-0.03976885690063003,0.6799733017021286,0.6065924875356754,0.0,355.5
166,bar5s_shape_ask_ct_frac_l05_eob,-0.014219466538206112,0.014219466538206112,0.0010389647109186918,0.6614966019038562,0.619452272497886,0.009521469208611855,357.0
365,bar5s_lvl_size_at_level_imbal_eob,0.01420521246933181,0.01420521246933181,0.13828403530206834,1.7400164955988238,0.14262609193309944,0.0,358.0
61,bar5s_depth_above_p0_1_frac_twa,-0.014003862901454993,0.014003862901454993,-0.005682340219326279,0.5051791155138569,0.7319706670444959,0.0,359.0
125,bar5s_shape_ask_ct_l04_eob,0.01366491957950584,0.01366491957950584,0.0006586101021502877,0.07478587535915421,0.9897872353188003,0.04788258057859984,360.0
305,bar5s_deriv_dabove01_d2_w12,-0.01343014432794153,0.01343014432794153,-0.008426308420882335,1.5699289582379934,0.18375564917692477,0.009175000508516717,361.0
238,bar5s_deriv_dist_d1_w36,0.013364164181126716,0.013364164181126716,0.005310618905419403,3.5531151789215643,0.007974402445750987,0.030233135071221717,362.0
106,bar5s_shape_ask_sz_l05_eob,-0.01321615927100669,0.01321615927100669,-0.04079544980544912,0.23737553769415856,0.9169863264910523,0.0,363.0
339,bar5s_cumul_msg_cnt,-0.01266124168666568,0.01266124168666568,0.07597305693145459,1.9512308975867925,0.10345254142081953,0.0,364.0
320,bar5s_deriv_waskz_d2_w3,-0.012431253834834571,0.012431253834834571,-0.05372355838704823,0.17561163200338362,0.950745144223053,0.0,365.0
181,bar5s_flow_rem_vol_ask_p1_2_sum,-0.012365701677491901,0.012365701677491901,0.04477342611010358,1.6827073237650458,0.15542621396350506,0.0,366.0
208,bar5s_flow_net_volnorm_bid_p1_2_sum,-0.012259224197714025,0.012259224197714025,-0.06879296100720633,0.16020931130302446,0.9581660107098495,0.0,367.0
318,bar5s_deriv_waskz_d1_w36,0.012139958679688282,0.012139958679688282,-0.011978147019544997,0.6647257331633051,0.61719591704252,0.0,368.0
52,bar5s_depth_above_p1_2_qty_eob,-0.011844026612746392,0.011844026612746392,-0.033554310281519055,0.2857072297715025,0.8870248257429213,0.02120534193611956,369.5
350,bar5s_lvl_depth_above_p1_2_qty_eob,-0.011844026612746392,0.011844026612746392,-0.033554310281519055,0.2857072297715025,0.8870248257429213,0.04650555790104294,369.5
47,bar5s_depth_below_p2_3_qty_twa,-0.011804144040135234,0.011804144040135234,-0.022770352883862446,0.7002201065274964,0.5926480914654915,0.025133665690660667,371.0
221,bar5s_wall_ask_maxz_levelidx_eob,-0.011539386405701438,0.011539386405701438,-0.059461203557193885,1.219067443934339,0.3039415918896793,0.021227267631203084,372.0
49,bar5s_depth_above_p0_1_qty_twa,-0.01139331643617022,0.01139331643617022,-0.029904375542305163,1.0345246265291999,0.3905140948151708,0.07348511187880469,373.0
322,bar5s_deriv_waskz_d2_w36,0.011014438392674828,0.011014438392674828,-0.0010714462403605273,0.40195153773415254,0.8071075596002133,0.06862828520552577,374.0
117,bar5s_shape_bid_ct_l06_eob,-0.0109908826974364,0.0109908826974364,-0.02377138536744833,2.4095427830673724,0.05059586836037318,0.041981856390044925,375.0
46,bar5s_depth_below_p1_2_qty_eob,0.010945530262830114,0.010945530262830114,-0.01267345640297272,2.5757305900283702,0.03885398141936966,0.019592803151767146,376.5
351,bar5s_lvl_depth_below_p1_2_qty_eob,0.010945530262830114,0.010945530262830114,-0.01267345640297272,2.5757305900283702,0.03885398141936966,0.00766419046529121,376.5
63,bar5s_depth_above_p1_2_frac_twa,0.010785601688769604,0.010785601688769604,0.07061085157120023,0.5670904799574812,0.6868151866433921,0.011216459220694919,378.0
215,bar5s_trade_aggbuy_vol_sum,0.01035057932279396,0.01035057932279396,0.14287364220011364,2.3364556048750096,0.056786964354458326,0.0,379.0
348,bar5s_lvl_depth_below_p0_1_qty_eob,-0.01025859712723373,0.01025859712723373,-0.029455603701567783,2.6293747252626,0.035664280742174426,0.0,380.5
44,bar5s_depth_below_p0_1_qty_eob,-0.01025859712723373,0.01025859712723373,-0.029455603701567783,2.6293747252626,0.035664280742174426,0.058891335744577056,380.5
432,rvol_cumul_trade_vol_dev,0.010209567386120473,0.010209567386120473,0.001906152554489425,0.2452940723793847,0.9122620409940908,0.04061354591681976,382.0
372,bar5s_lvl_depth_band_beyond2_frac_eob,0.010134827542890083,0.010134827542890083,-0.07599023397456027,0.9219090528733237,0.45218623625401966,0.012257847650446685,383.0
340,bar5s_cumul_trade_cnt,-0.010027915866582622,0.010027915866582622,0.06303688071675177,0.6363222427251165,0.63716452521367,0.013971713040613842,384.0
41,bar5s_depth_ask10_qty_twa,-0.009904468146460947,0.009904468146460947,-0.03173346714524253,0.20886678986746549,0.9332966001512506,0.0,385.0
146,bar5s_shape_ask_sz_frac_l05_eob,0.009870547457058041,0.009870547457058041,0.02263392156040043,0.22956077956961796,0.9215693429804346,0.0,386.0
211,bar5s_flow_net_volnorm_ask_p1_2_sum,0.009753504076565058,0.009753504076565058,-0.16551564942637384,0.33886881580624006,0.8515216896207394,0.031067033533654254,387.0
130,bar5s_shape_ask_ct_l09_eob,-0.009468114324260056,0.009468114324260056,-0.061545580710858125,1.388112580742497,0.23939672719893884,0.03760059060540799,388.0
51,bar5s_depth_above_p1_2_qty_twa,0.009406214379936603,0.009406214379936603,-0.013810065657417348,0.192195043571164,0.9422742268624668,0.0,389.0
172,bar5s_flow_add_vol_bid_p1_2_sum,-0.009126942163018499,0.009126942163018499,-0.02347542837446334,1.8331906041048056,0.1238873518523526,0.0,390.0
64,bar5s_depth_above_p1_2_frac_eob,-0.009115104071434151,0.009115104071434151,0.03563978417243558,0.5991769032386638,0.6636540302543886,0.01653181125624137,391.0
248,bar5s_deriv_obi0_d2_w3,-0.008018809232345927,0.008018809232345927,-0.020420517202213155,0.48823239708006155,0.7443770236307152,0.0,392.0
31,bar5s_state_obi10_twa,0.007905992535212373,0.007905992535212373,0.009042271239559753,3.3451400429879325,0.01120529914260154,0.03477713492891299,393.0
294,bar5s_deriv_dbelow01_d1_w36,0.007750426489114874,0.007750426489114874,-0.06448076239388009,1.2480299246647086,0.29192576335558085,0.027814722810701742,394.0
411,bar5s_setup_size_at_level_early_late_ratio,-0.0077442869990333165,0.0077442869990333165,-0.05125289577875549,0.7820726509176605,0.538031061571699,0.0,395.0
137,bar5s_shape_bid_sz_frac_l06_eob,-0.0074967784838456,0.0074967784838456,-0.019787998371814258,1.2091750521765385,0.3081402926278766,0.0,396.0
414,rvol_trade_vol_ratio,-0.007431440197843325,0.007431440197843325,0.12009981404384475,2.136673925203686,0.07766101801042827,0.1151602305162629,397.0
415,rvol_trade_vol_zscore,-0.0074314401497582675,0.0074314401497582675,0.105506075896608,2.13667392467208,0.07766101807470636,0.0,398.0
303,bar5s_deriv_dabove01_d1_w72,0.007318292591028017,0.007318292591028017,-0.0985156130759834,0.6262208675330582,0.6443288867988651,0.04750642042297448,399.0
116,bar5s_shape_bid_ct_l05_eob,0.007248483168313954,0.007248483168313954,0.0081639831315898,2.611585720695958,0.03669267923075453,0.0,400.0
62,bar5s_depth_above_p0_1_frac_eob,0.006587556722876487,0.006587556722876487,0.012097781626866429,0.16397323370036787,0.9563942269843871,0.07408692122644034,401.0
433,rvol_cumul_trade_vol_dev_pct,-0.0065428084427231505,0.0065428084427231505,-0.025387087712690232,0.3210197001001612,0.8636844467696616,0.0,402.0
272,bar5s_deriv_cdi12_d2_w3,-0.00643078643376851,0.00643078643376851,-0.061469655831027786,2.5359005495193747,0.04140013241539476,0.0015623295380056135,403.0
299,bar5s_deriv_dbelow01_d2_w72,0.006208708400228362,0.006208708400228362,-0.05478028433331122,0.7408274290847268,0.5651836250867189,0.06268188112785333,404.0
226,bar5s_approach_dist_to_level_pts_eob,-0.0061571214232553914,0.0061571214232553914,0.013651445351743029,1.5417605072884826,0.19153092931322516,0.050933464917283455,405.5
13,dist_to_level_pts,-0.0061571214232553914,0.0061571214232553914,0.013651445351743029,1.5417605072884826,0.19153092931322516,0.04536798600621639,405.5
170,bar5s_shape_ask_ct_frac_l09_eob,0.005965679533517808,0.005965679533517808,-0.04869022657011308,1.9566131435733898,0.10260113123530054,0.04163938870597139,407.0
278,bar5s_deriv_dbid10_d1_w36,0.0058554883136383434,0.0058554883136383434,-0.08046400342708367,2.8237195119886684,0.026109412547713668,0.042293555905965174,408.0
319,bar5s_deriv_waskz_d1_w72,0.005840092357904709,0.005840092357904709,-0.020163826673803325,0.8658100313330459,0.4854239773003993,0.0,409.0
323,bar5s_deriv_waskz_d2_w72,0.005789700908786742,0.005789700908786742,-0.042415418647095436,0.8949655395624361,0.4679437992432065,0.021394937970774297,410.0
298,bar5s_deriv_dbelow01_d2_w36,-0.0057037850815922645,0.0057037850815922645,-0.07930704785448615,0.9662962981232893,0.427067866178621,0.0,411.0
417,rvol_trade_cnt_zscore,0.005507993181605601,0.005507993181605601,0.08938467719409078,2.084878924409301,0.08417083787070725,0.035131128936987555,412.0
416,rvol_trade_cnt_ratio,0.005507993059552746,0.005507993059552746,0.11239349891111253,2.084878924375265,0.08417083787515173,0.0,413.0
383,bar5s_setup_early_velocity,0.005139563301835438,0.005139563301835438,-0.07969128778238233,0.3380062664330784,0.8521143539910632,0.08083486956193875,414.0
258,bar5s_deriv_obi10_d2_w36,0.005047897435975621,0.005047897435975621,-0.0414669484264069,1.6228188111924229,0.16992826900311223,0.0,415.0
382,bar5s_setup_approach_ratio,-0.004774002020294427,0.004774002020294427,-0.05646880720697626,1.0232157170956897,0.3964005635971016,0.0566446137165415,416.0
40,bar5s_depth_bid10_qty_eob,-0.004324836506128005,0.004324836506128005,-0.03180670632871004,2.308872734399197,0.05930848321728626,0.056389175529389934,417.0
358,bar5s_lvl_flow_toward_away_imbal_sum,0.004056519400242586,0.004056519400242586,0.030472245833107314,0.7045242096377669,0.5897045574046902,0.0,418.0
368,bar5s_lvl_depth_band_1to2_qty_eob,-0.0036982328766810226,0.0036982328766810226,-0.01055814190940976,0.9203795648137612,0.4530704608313183,0.018601004386122,419.0
435,rvol_cumul_msg_dev,-0.003619120033793096,0.003619120033793096,-0.040746775675790985,0.3816965435971069,0.8215674590128558,0.03129227841118665,420.0
261,bar5s_deriv_cdi01_d1_w12,0.003542898226878094,0.003542898226878094,0.003943026483001874,2.509440775052373,0.043180442217515054,0.0,421.0
227,bar5s_approach_dist_to_level_pts_twa,0.0030533759596487672,0.0030533759596487672,0.02496010313115909,1.600846417000646,0.1755529717626708,0.061141213074303646,422.0
307,bar5s_deriv_dabove01_d2_w72,0.00247751936604128,0.00247751936604128,-0.09242434348338083,0.6856500576745683,0.602666821665507,0.02162745516670661,423.0
45,bar5s_depth_below_p1_2_qty_twa,0.002373373145958942,0.002373373145958942,-0.010431758910106453,2.41992285670229,0.049771330265547704,0.016853067644827746,424.0
341,bar5s_cumul_add_cnt,-0.0023730876560807495,0.0023730876560807495,0.08610091316502587,2.231595031283996,0.06696034432723297,0.01706114074381304,425.0
191,bar5s_flow_cnt_add_bid_p2_3_sum,-0.0023059727037583392,0.0023059727037583392,0.03309887322280641,0.977809413037837,0.4207246985144001,0.0,426.0
313,bar5s_deriv_wbidz_d2_w12,-0.0022588266998979753,0.0022588266998979753,0.021373797625978276,1.15392481256399,0.3324933183631008,0.06557125898271776,427.0
394,bar5s_setup_obi10_delta,-0.0022262487279981137,0.0022262487279981137,-0.0012983162526915867,0.7242955526038602,0.5762807383173326,0.0,428.0
342,bar5s_cumul_cancel_cnt,-0.002103901453871807,0.002103901453871807,0.08703309750854667,2.2736336893079994,0.06268718715922966,0.025981463927903015,429.0
157,bar5s_shape_bid_ct_frac_l06_eob,0.0020640544098473514,0.0020640544098473514,-0.025517318910475855,0.8334385312925912,0.505345760520716,0.0,430.0
150,bar5s_shape_ask_sz_frac_l09_eob,-0.0011166078829881285,0.0011166078829881285,-0.04710507150129867,1.0087229723806785,0.4040442945992974,0.07287846522389341,431.0
324,bar5s_cumul_trade_vol,-0.0010948173727022446,0.0010948173727022446,0.07300795046540107,0.7373387784945672,0.5675155091047726,0.0,432.0
290,bar5s_deriv_dask10_d2_w36,-0.0008971764789773949,0.0008971764789773949,-0.02562595521512913,0.6442413128318684,0.6315702339037428,0.021030953730067026,433.0
169,bar5s_shape_ask_ct_frac_l08_eob,0.0005521868132640924,0.0005521868132640924,-0.02704579502280974,0.7285907040312157,0.5733862408547432,0.0,434.0
164,bar5s_shape_ask_ct_frac_l03_eob,0.00047243301649769706,0.00047243301649769706,0.01438742140986892,0.5293351690785902,0.7143042694965751,0.012319033172679461,435.0
144,bar5s_shape_ask_sz_frac_l03_eob,0.00011184043226790674,0.00011184043226790674,0.014141323481407122,0.3232584768167825,0.8621710742579103,0.0,436.0
15,is_truncated_lookback,0.0,0.0,0.0,,,0.0,442.5
5,bars_to_trigger,0.0,0.0,0.0,,,0.037696235177440585,442.5
3,bar_index_in_episode,0.0,0.0,0.0,,,0.0,442.5
4,bar_index_in_touch,0.0,0.0,0.0,,,0.17517127535958466,442.5
8,is_trigger_bar,0.0,0.0,0.0,,,0.0,442.5
6,is_pre_trigger,0.0,0.0,0.0,,,0.01972411966144305,442.5
7,is_pre_touch,0.0,0.0,0.0,,,0.0028487520415634293,442.5
10,is_post_touch,0.0,0.0,0.0,,,0.0,442.5
9,is_post_trigger,0.0,0.0,0.0,,,0.0,442.5
366,bar5s_lvl_wall_at_level,0.0,0.0,0.0,,,0.0,442.5
22,bar5s_meta_clear_cnt_sum,0.0,0.0,0.0,,,0.014989441328104647,442.5
16,is_truncated_forward,0.0,0.0,0.0,,,0.002154764013011068,442.5
